[
    {
        "model": "admin.logentry",
        "pk": 1,
        "fields": {
            "action_time": "2023-11-04T15:43:01.409Z",
            "user": 1,
            "content_type": 7,
            "object_id": "1",
            "object_repr": "persianshop.example.com",
            "action_flag": 2,
            "change_message": "[{\"changed\": {\"fields\": [\"Domain name\", \"Display name\"]}}]"
        }
    },
    {
        "model": "admin.logentry",
        "pk": 2,
        "fields": {
            "action_time": "2023-11-04T15:49:00.385Z",
            "user": 1,
            "content_type": 8,
            "object_id": "1",
            "object_repr": "mtnikmaram@gmail.com",
            "action_flag": 1,
            "change_message": "[{\"added\": {}}]"
        }
    },
    {
        "model": "admin.logentry",
        "pk": 3,
        "fields": {
            "action_time": "2023-11-07T17:33:45.461Z",
            "user": 1,
            "content_type": 13,
            "object_id": "1",
            "object_repr": "iphone",
            "action_flag": 1,
            "change_message": "[{\"added\": {}}]"
        }
    },
    {
        "model": "admin.logentry",
        "pk": 4,
        "fields": {
            "action_time": "2023-11-07T17:34:37.984Z",
            "user": 1,
            "content_type": 14,
            "object_id": "1",
            "object_repr": "iphone 15",
            "action_flag": 1,
            "change_message": "[{\"added\": {}}]"
        }
    },
    {
        "model": "admin.logentry",
        "pk": 5,
        "fields": {
            "action_time": "2023-11-11T19:45:07.531Z",
            "user": 1,
            "content_type": 13,
            "object_id": "1",
            "object_repr": "iphone",
            "action_flag": 2,
            "change_message": "[]"
        }
    },
    {
        "model": "admin.logentry",
        "pk": 6,
        "fields": {
            "action_time": "2023-11-11T19:48:38.820Z",
            "user": 1,
            "content_type": 13,
            "object_id": "1",
            "object_repr": "iphone",
            "action_flag": 2,
            "change_message": "[]"
        }
    },
    {
        "model": "admin.logentry",
        "pk": 7,
        "fields": {
            "action_time": "2023-11-11T19:49:12.543Z",
            "user": 1,
            "content_type": 13,
            "object_id": "1",
            "object_repr": "Iphone",
            "action_flag": 2,
            "change_message": "[{\"changed\": {\"fields\": [\"Name\"]}}]"
        }
    },
    {
        "model": "admin.logentry",
        "pk": 8,
        "fields": {
            "action_time": "2023-11-12T07:50:03.588Z",
            "user": 1,
            "content_type": 14,
            "object_id": "2",
            "object_repr": "iphone 15promax",
            "action_flag": 1,
            "change_message": "[{\"added\": {}}]"
        }
    },
    {
        "model": "admin.logentry",
        "pk": 9,
        "fields": {
            "action_time": "2023-11-12T07:51:37.559Z",
            "user": 1,
            "content_type": 13,
            "object_id": "2",
            "object_repr": "Samsung",
            "action_flag": 1,
            "change_message": "[{\"added\": {}}]"
        }
    },
    {
        "model": "admin.logentry",
        "pk": 10,
        "fields": {
            "action_time": "2023-11-12T07:52:10.051Z",
            "user": 1,
            "content_type": 14,
            "object_id": "3",
            "object_repr": "Samsung s23ultra",
            "action_flag": 1,
            "change_message": "[{\"added\": {}}]"
        }
    },
    {
        "model": "admin.logentry",
        "pk": 11,
        "fields": {
            "action_time": "2023-11-30T09:47:53.249Z",
            "user": 1,
            "content_type": 13,
            "object_id": "3",
            "object_repr": "MI",
            "action_flag": 1,
            "change_message": "[{\"added\": {}}]"
        }
    },
    {
        "model": "admin.logentry",
        "pk": 12,
        "fields": {
            "action_time": "2023-11-30T09:48:15.267Z",
            "user": 1,
            "content_type": 13,
            "object_id": "4",
            "object_repr": "Glass",
            "action_flag": 1,
            "change_message": "[{\"added\": {}}]"
        }
    },
    {
        "model": "admin.logentry",
        "pk": 13,
        "fields": {
            "action_time": "2023-11-30T09:48:26.233Z",
            "user": 1,
            "content_type": 13,
            "object_id": "5",
            "object_repr": "Cover",
            "action_flag": 1,
            "change_message": "[{\"added\": {}}]"
        }
    },
    {
        "model": "admin.logentry",
        "pk": 14,
        "fields": {
            "action_time": "2023-11-30T09:48:41.026Z",
            "user": 1,
            "content_type": 13,
            "object_id": "6",
            "object_repr": "Charger",
            "action_flag": 1,
            "change_message": "[{\"added\": {}}]"
        }
    },
    {
        "model": "admin.logentry",
        "pk": 15,
        "fields": {
            "action_time": "2023-11-30T09:48:58.772Z",
            "user": 1,
            "content_type": 13,
            "object_id": "7",
            "object_repr": "Holder",
            "action_flag": 1,
            "change_message": "[{\"added\": {}}]"
        }
    },
    {
        "model": "admin.logentry",
        "pk": 16,
        "fields": {
            "action_time": "2023-11-30T09:49:16.092Z",
            "user": 1,
            "content_type": 13,
            "object_id": "8",
            "object_repr": "Cable",
            "action_flag": 1,
            "change_message": "[{\"added\": {}}]"
        }
    },
    {
        "model": "admin.logentry",
        "pk": 17,
        "fields": {
            "action_time": "2023-11-30T09:49:32.252Z",
            "user": 1,
            "content_type": 13,
            "object_id": "9",
            "object_repr": "Other",
            "action_flag": 1,
            "change_message": "[{\"added\": {}}]"
        }
    },
    {
        "model": "admin.logentry",
        "pk": 18,
        "fields": {
            "action_time": "2023-11-30T09:54:10.205Z",
            "user": 1,
            "content_type": 13,
            "object_id": "10",
            "object_repr": "Headphone",
            "action_flag": 1,
            "change_message": "[{\"added\": {}}]"
        }
    },
    {
        "model": "admin.logentry",
        "pk": 19,
        "fields": {
            "action_time": "2023-11-30T10:04:16.153Z",
            "user": 1,
            "content_type": 14,
            "object_id": "4",
            "object_repr": "iPhone 13",
            "action_flag": 1,
            "change_message": "[{\"added\": {}}]"
        }
    },
    {
        "model": "admin.logentry",
        "pk": 20,
        "fields": {
            "action_time": "2023-11-30T10:17:06.080Z",
            "user": 1,
            "content_type": 14,
            "object_id": "4",
            "object_repr": "iPhone 13",
            "action_flag": 2,
            "change_message": "[{\"changed\": {\"fields\": [\"Description\", \"Price\"]}}]"
        }
    },
    {
        "model": "admin.logentry",
        "pk": 21,
        "fields": {
            "action_time": "2023-11-30T10:23:30.141Z",
            "user": 1,
            "content_type": 14,
            "object_id": "4",
            "object_repr": "iPhone 13",
            "action_flag": 2,
            "change_message": "[{\"changed\": {\"fields\": [\"Description\"]}}]"
        }
    },
    {
        "model": "admin.logentry",
        "pk": 22,
        "fields": {
            "action_time": "2023-11-30T11:48:29.503Z",
            "user": 1,
            "content_type": 14,
            "object_id": "4",
            "object_repr": "iPhone 13",
            "action_flag": 2,
            "change_message": "[]"
        }
    },
    {
        "model": "admin.logentry",
        "pk": 23,
        "fields": {
            "action_time": "2023-11-30T11:50:39.735Z",
            "user": 1,
            "content_type": 14,
            "object_id": "2",
            "object_repr": "iphone 15promax",
            "action_flag": 2,
            "change_message": "[{\"changed\": {\"fields\": [\"Price\"]}}]"
        }
    },
    {
        "model": "admin.logentry",
        "pk": 24,
        "fields": {
            "action_time": "2023-11-30T11:51:43.986Z",
            "user": 1,
            "content_type": 14,
            "object_id": "1",
            "object_repr": "iphone 15",
            "action_flag": 2,
            "change_message": "[{\"changed\": {\"fields\": [\"Price\"]}}]"
        }
    },
    {
        "model": "admin.logentry",
        "pk": 25,
        "fields": {
            "action_time": "2023-11-30T11:52:34.664Z",
            "user": 1,
            "content_type": 14,
            "object_id": "1",
            "object_repr": "iphone 15",
            "action_flag": 2,
            "change_message": "[{\"changed\": {\"fields\": [\"Description\"]}}]"
        }
    },
    {
        "model": "admin.logentry",
        "pk": 26,
        "fields": {
            "action_time": "2023-11-30T12:00:05.045Z",
            "user": 1,
            "content_type": 14,
            "object_id": "3",
            "object_repr": "Samsung s23ultra",
            "action_flag": 2,
            "change_message": "[{\"changed\": {\"fields\": [\"Description\", \"Price\"]}}]"
        }
    },
    {
        "model": "admin.logentry",
        "pk": 27,
        "fields": {
            "action_time": "2023-11-30T12:02:28.657Z",
            "user": 1,
            "content_type": 14,
            "object_id": "5",
            "object_repr": "Z flip5",
            "action_flag": 1,
            "change_message": "[{\"added\": {}}]"
        }
    },
    {
        "model": "admin.logentry",
        "pk": 28,
        "fields": {
            "action_time": "2023-11-30T12:02:40.119Z",
            "user": 1,
            "content_type": 14,
            "object_id": "3",
            "object_repr": "Samsung s23ultra",
            "action_flag": 2,
            "change_message": "[{\"changed\": {\"fields\": [\"Rating\"]}}]"
        }
    },
    {
        "model": "admin.logentry",
        "pk": 29,
        "fields": {
            "action_time": "2023-11-30T12:02:49.132Z",
            "user": 1,
            "content_type": 14,
            "object_id": "4",
            "object_repr": "iPhone 13",
            "action_flag": 2,
            "change_message": "[{\"changed\": {\"fields\": [\"Rating\"]}}]"
        }
    },
    {
        "model": "admin.logentry",
        "pk": 30,
        "fields": {
            "action_time": "2023-11-30T12:02:55.199Z",
            "user": 1,
            "content_type": 14,
            "object_id": "1",
            "object_repr": "iphone 15",
            "action_flag": 2,
            "change_message": "[{\"changed\": {\"fields\": [\"Rating\"]}}]"
        }
    },
    {
        "model": "admin.logentry",
        "pk": 31,
        "fields": {
            "action_time": "2023-11-30T12:03:00.660Z",
            "user": 1,
            "content_type": 14,
            "object_id": "2",
            "object_repr": "iphone 15promax",
            "action_flag": 2,
            "change_message": "[{\"changed\": {\"fields\": [\"Rating\"]}}]"
        }
    },
    {
        "model": "admin.logentry",
        "pk": 32,
        "fields": {
            "action_time": "2023-12-01T13:25:18.734Z",
            "user": 1,
            "content_type": 14,
            "object_id": "6",
            "object_repr": "Samsung a14",
            "action_flag": 1,
            "change_message": "[{\"added\": {}}]"
        }
    },
    {
        "model": "admin.logentry",
        "pk": 33,
        "fields": {
            "action_time": "2023-12-01T13:26:59.022Z",
            "user": 1,
            "content_type": 14,
            "object_id": "7",
            "object_repr": "Samsung glass",
            "action_flag": 1,
            "change_message": "[{\"added\": {}}]"
        }
    },
    {
        "model": "admin.logentry",
        "pk": 34,
        "fields": {
            "action_time": "2023-12-01T13:29:05.843Z",
            "user": 1,
            "content_type": 14,
            "object_id": "8",
            "object_repr": "MI glass / Note",
            "action_flag": 1,
            "change_message": "[{\"added\": {}}]"
        }
    },
    {
        "model": "admin.logentry",
        "pk": 35,
        "fields": {
            "action_time": "2023-12-01T13:31:40.408Z",
            "user": 1,
            "content_type": 14,
            "object_id": "9",
            "object_repr": "Samsung glass / A",
            "action_flag": 1,
            "change_message": "[{\"added\": {}}]"
        }
    },
    {
        "model": "admin.logentry",
        "pk": 36,
        "fields": {
            "action_time": "2023-12-01T13:34:29.224Z",
            "user": 1,
            "content_type": 14,
            "object_id": "10",
            "object_repr": "Iphone 13",
            "action_flag": 1,
            "change_message": "[{\"added\": {}}]"
        }
    },
    {
        "model": "admin.logentry",
        "pk": 37,
        "fields": {
            "action_time": "2023-12-01T13:36:30.920Z",
            "user": 1,
            "content_type": 14,
            "object_id": "11",
            "object_repr": "Samsung Z Fold 4",
            "action_flag": 1,
            "change_message": "[{\"added\": {}}]"
        }
    },
    {
        "model": "admin.logentry",
        "pk": 38,
        "fields": {
            "action_time": "2023-12-01T13:38:29.805Z",
            "user": 1,
            "content_type": 14,
            "object_id": "12",
            "object_repr": "Redmi Note 12 4G",
            "action_flag": 1,
            "change_message": "[{\"added\": {}}]"
        }
    },
    {
        "model": "admin.logentry",
        "pk": 39,
        "fields": {
            "action_time": "2023-12-01T13:40:22.096Z",
            "user": 1,
            "content_type": 14,
            "object_id": "13",
            "object_repr": "Redmi Note 12 4G",
            "action_flag": 1,
            "change_message": "[{\"added\": {}}]"
        }
    },
    {
        "model": "admin.logentry",
        "pk": 40,
        "fields": {
            "action_time": "2023-12-01T13:42:33.301Z",
            "user": 1,
            "content_type": 14,
            "object_id": "14",
            "object_repr": "iphone",
            "action_flag": 1,
            "change_message": "[{\"added\": {}}]"
        }
    },
    {
        "model": "admin.logentry",
        "pk": 41,
        "fields": {
            "action_time": "2023-12-01T13:44:09.174Z",
            "user": 1,
            "content_type": 14,
            "object_id": "15",
            "object_repr": "kuloman usb cable",
            "action_flag": 1,
            "change_message": "[{\"added\": {}}]"
        }
    },
    {
        "model": "admin.logentry",
        "pk": 42,
        "fields": {
            "action_time": "2023-12-01T13:45:59.475Z",
            "user": 1,
            "content_type": 14,
            "object_id": "16",
            "object_repr": "OTG USB-C",
            "action_flag": 1,
            "change_message": "[{\"added\": {}}]"
        }
    },
    {
        "model": "admin.logentry",
        "pk": 43,
        "fields": {
            "action_time": "2023-12-01T13:47:35.730Z",
            "user": 1,
            "content_type": 14,
            "object_id": "17",
            "object_repr": "HD-Conversion",
            "action_flag": 1,
            "change_message": "[{\"added\": {}}]"
        }
    },
    {
        "model": "admin.logentry",
        "pk": 44,
        "fields": {
            "action_time": "2023-12-01T13:49:35.375Z",
            "user": 1,
            "content_type": 14,
            "object_id": "18",
            "object_repr": "Samsung",
            "action_flag": 1,
            "change_message": "[{\"added\": {}}]"
        }
    },
    {
        "model": "admin.logentry",
        "pk": 45,
        "fields": {
            "action_time": "2023-12-01T13:50:46.863Z",
            "user": 1,
            "content_type": 14,
            "object_id": "19",
            "object_repr": "iphone",
            "action_flag": 1,
            "change_message": "[{\"added\": {}}]"
        }
    },
    {
        "model": "admin.logentry",
        "pk": 46,
        "fields": {
            "action_time": "2023-12-01T13:52:18.300Z",
            "user": 1,
            "content_type": 14,
            "object_id": "20",
            "object_repr": "car charger",
            "action_flag": 1,
            "change_message": "[{\"added\": {}}]"
        }
    },
    {
        "model": "admin.logentry",
        "pk": 47,
        "fields": {
            "action_time": "2023-12-01T13:53:58.144Z",
            "user": 1,
            "content_type": 14,
            "object_id": "21",
            "object_repr": "iphone",
            "action_flag": 1,
            "change_message": "[{\"added\": {}}]"
        }
    },
    {
        "model": "admin.logentry",
        "pk": 48,
        "fields": {
            "action_time": "2023-12-01T13:55:15.746Z",
            "user": 1,
            "content_type": 14,
            "object_id": "22",
            "object_repr": "holder",
            "action_flag": 1,
            "change_message": "[{\"added\": {}}]"
        }
    },
    {
        "model": "admin.logentry",
        "pk": 49,
        "fields": {
            "action_time": "2023-12-01T13:58:11.262Z",
            "user": 1,
            "content_type": 14,
            "object_id": "23",
            "object_repr": "holder",
            "action_flag": 1,
            "change_message": "[{\"added\": {}}]"
        }
    },
    {
        "model": "admin.logentry",
        "pk": 50,
        "fields": {
            "action_time": "2023-12-01T13:58:38.380Z",
            "user": 1,
            "content_type": 14,
            "object_id": "24",
            "object_repr": "holder",
            "action_flag": 1,
            "change_message": "[{\"added\": {}}]"
        }
    },
    {
        "model": "admin.logentry",
        "pk": 51,
        "fields": {
            "action_time": "2023-12-01T13:59:03.582Z",
            "user": 1,
            "content_type": 14,
            "object_id": "25",
            "object_repr": "holder",
            "action_flag": 1,
            "change_message": "[{\"added\": {}}]"
        }
    },
    {
        "model": "admin.logentry",
        "pk": 52,
        "fields": {
            "action_time": "2023-12-01T13:59:28.078Z",
            "user": 1,
            "content_type": 14,
            "object_id": "26",
            "object_repr": "holder",
            "action_flag": 1,
            "change_message": "[{\"added\": {}}]"
        }
    },
    {
        "model": "admin.logentry",
        "pk": 53,
        "fields": {
            "action_time": "2023-12-01T14:02:21.284Z",
            "user": 1,
            "content_type": 14,
            "object_id": "27",
            "object_repr": "Haylou",
            "action_flag": 1,
            "change_message": "[{\"added\": {}}]"
        }
    },
    {
        "model": "admin.logentry",
        "pk": 54,
        "fields": {
            "action_time": "2023-12-01T14:03:21.171Z",
            "user": 1,
            "content_type": 14,
            "object_id": "28",
            "object_repr": "qcy",
            "action_flag": 1,
            "change_message": "[{\"added\": {}}]"
        }
    },
    {
        "model": "admin.logentry",
        "pk": 55,
        "fields": {
            "action_time": "2023-12-01T14:04:35.314Z",
            "user": 1,
            "content_type": 14,
            "object_id": "29",
            "object_repr": "Samsung",
            "action_flag": 1,
            "change_message": "[{\"added\": {}}]"
        }
    },
    {
        "model": "admin.logentry",
        "pk": 56,
        "fields": {
            "action_time": "2023-12-01T14:07:53.791Z",
            "user": 1,
            "content_type": 14,
            "object_id": "30",
            "object_repr": "Xiaomi 13T Pro",
            "action_flag": 1,
            "change_message": "[{\"added\": {}}]"
        }
    },
    {
        "model": "admin.logentry",
        "pk": 57,
        "fields": {
            "action_time": "2023-12-02T19:32:56.454Z",
            "user": 1,
            "content_type": 14,
            "object_id": "5",
            "object_repr": "Z flip5",
            "action_flag": 2,
            "change_message": "[{\"changed\": {\"fields\": [\"Image\"]}}]"
        }
    },
    {
        "model": "admin.logentry",
        "pk": 58,
        "fields": {
            "action_time": "2023-12-02T19:37:33.194Z",
            "user": 1,
            "content_type": 14,
            "object_id": "8",
            "object_repr": "MI glass / Note",
            "action_flag": 2,
            "change_message": "[{\"changed\": {\"fields\": [\"Image\"]}}]"
        }
    },
    {
        "model": "admin.logentry",
        "pk": 59,
        "fields": {
            "action_time": "2023-12-02T19:37:41.463Z",
            "user": 1,
            "content_type": 14,
            "object_id": "8",
            "object_repr": "MI glass / Note",
            "action_flag": 2,
            "change_message": "[{\"changed\": {\"fields\": [\"Image\"]}}]"
        }
    },
    {
        "model": "admin.logentry",
        "pk": 60,
        "fields": {
            "action_time": "2023-12-02T19:37:50.004Z",
            "user": 1,
            "content_type": 14,
            "object_id": "8",
            "object_repr": "MI glass / Note",
            "action_flag": 2,
            "change_message": "[{\"changed\": {\"fields\": [\"Image\"]}}]"
        }
    },
    {
        "model": "admin.logentry",
        "pk": 61,
        "fields": {
            "action_time": "2023-12-02T19:40:52.759Z",
            "user": 1,
            "content_type": 14,
            "object_id": "8",
            "object_repr": "MI glass / Note",
            "action_flag": 2,
            "change_message": "[{\"changed\": {\"fields\": [\"Image\"]}}]"
        }
    },
    {
        "model": "admin.logentry",
        "pk": 62,
        "fields": {
            "action_time": "2023-12-02T19:41:02.746Z",
            "user": 1,
            "content_type": 14,
            "object_id": "8",
            "object_repr": "MI glass / Note",
            "action_flag": 2,
            "change_message": "[{\"changed\": {\"fields\": [\"Image\"]}}]"
        }
    },
    {
        "model": "admin.logentry",
        "pk": 63,
        "fields": {
            "action_time": "2023-12-09T18:53:23.222Z",
            "user": 1,
            "content_type": 14,
            "object_id": "1",
            "object_repr": "iphone 15",
            "action_flag": 2,
            "change_message": "[{\"changed\": {\"fields\": [\"Image\"]}}]"
        }
    },
    {
        "model": "admin.logentry",
        "pk": 64,
        "fields": {
            "action_time": "2023-12-09T18:53:55.447Z",
            "user": 1,
            "content_type": 14,
            "object_id": "1",
            "object_repr": "iphone 15",
            "action_flag": 2,
            "change_message": "[{\"changed\": {\"fields\": [\"Image\"]}}]"
        }
    },
    {
        "model": "admin.logentry",
        "pk": 65,
        "fields": {
            "action_time": "2023-12-09T20:37:11.128Z",
            "user": 1,
            "content_type": 15,
            "object_id": "1",
            "object_repr": "ED51CDE33512497E83CA98A7212EFE75",
            "action_flag": 3,
            "change_message": ""
        }
    },
    {
        "model": "admin.logentry",
        "pk": 66,
        "fields": {
            "action_time": "2024-02-15T11:05:56.684Z",
            "user": 1,
            "content_type": 14,
            "object_id": "33",
            "object_repr": "aaaaaaaa",
            "action_flag": 3,
            "change_message": ""
        }
    },
    {
        "model": "admin.logentry",
        "pk": 67,
        "fields": {
            "action_time": "2024-02-15T18:08:53.673Z",
            "user": 1,
            "content_type": 8,
            "object_id": "5",
            "object_repr": "samiraroza.artgallery@gmail.com",
            "action_flag": 3,
            "change_message": ""
        }
    },
    {
        "model": "admin.logentry",
        "pk": 68,
        "fields": {
            "action_time": "2024-02-15T18:08:53.697Z",
            "user": 1,
            "content_type": 8,
            "object_id": "4",
            "object_repr": "samira.nikmaram@gmail.com",
            "action_flag": 3,
            "change_message": ""
        }
    },
    {
        "model": "admin.logentry",
        "pk": 69,
        "fields": {
            "action_time": "2024-02-15T18:09:12.188Z",
            "user": 1,
            "content_type": 4,
            "object_id": "4",
            "object_repr": "samira",
            "action_flag": 3,
            "change_message": ""
        }
    },
    {
        "model": "admin.logentry",
        "pk": 70,
        "fields": {
            "action_time": "2024-02-15T18:09:12.214Z",
            "user": 1,
            "content_type": 4,
            "object_id": "5",
            "object_repr": "samiraroza",
            "action_flag": 3,
            "change_message": ""
        }
    },
    {
        "model": "admin.logentry",
        "pk": 71,
        "fields": {
            "action_time": "2024-02-16T17:44:46.523Z",
            "user": 1,
            "content_type": 14,
            "object_id": "29",
            "object_repr": "Samsung",
            "action_flag": 2,
            "change_message": "[{\"changed\": {\"fields\": [\"Image\"]}}]"
        }
    },
    {
        "model": "admin.logentry",
        "pk": 72,
        "fields": {
            "action_time": "2024-02-16T17:45:29.661Z",
            "user": 1,
            "content_type": 14,
            "object_id": "29",
            "object_repr": "Samsung",
            "action_flag": 2,
            "change_message": "[{\"changed\": {\"fields\": [\"Image\"]}}]"
        }
    },
    {
        "model": "admin.logentry",
        "pk": 73,
        "fields": {
            "action_time": "2024-02-16T17:47:36.658Z",
            "user": 1,
            "content_type": 14,
            "object_id": "20",
            "object_repr": "car charger",
            "action_flag": 2,
            "change_message": "[{\"changed\": {\"fields\": [\"Image\"]}}]"
        }
    },
    {
        "model": "admin.logentry",
        "pk": 74,
        "fields": {
            "action_time": "2024-02-16T17:48:14.028Z",
            "user": 1,
            "content_type": 14,
            "object_id": "20",
            "object_repr": "car charger",
            "action_flag": 2,
            "change_message": "[{\"changed\": {\"fields\": [\"Image\"]}}]"
        }
    },
    {
        "model": "admin.logentry",
        "pk": 75,
        "fields": {
            "action_time": "2024-02-17T20:56:44.892Z",
            "user": 1,
            "content_type": 14,
            "object_id": "20",
            "object_repr": "car charger",
            "action_flag": 2,
            "change_message": "[{\"changed\": {\"fields\": [\"Image\"]}}]"
        }
    },
    {
        "model": "admin.logentry",
        "pk": 76,
        "fields": {
            "action_time": "2024-02-17T20:56:48.080Z",
            "user": 1,
            "content_type": 14,
            "object_id": "20",
            "object_repr": "car charger",
            "action_flag": 2,
            "change_message": "[{\"changed\": {\"fields\": [\"Image\"]}}]"
        }
    },
    {
        "model": "admin.logentry",
        "pk": 77,
        "fields": {
            "action_time": "2024-02-17T20:57:12.734Z",
            "user": 1,
            "content_type": 14,
            "object_id": "20",
            "object_repr": "car charger",
            "action_flag": 2,
            "change_message": "[{\"changed\": {\"fields\": [\"Image\"]}}]"
        }
    },
    {
        "model": "admin.logentry",
        "pk": 78,
        "fields": {
            "action_time": "2024-02-17T21:00:00.941Z",
            "user": 1,
            "content_type": 14,
            "object_id": "27",
            "object_repr": "Haylou",
            "action_flag": 2,
            "change_message": "[{\"changed\": {\"fields\": [\"Image\"]}}]"
        }
    },
    {
        "model": "admin.logentry",
        "pk": 79,
        "fields": {
            "action_time": "2024-02-17T21:00:26.399Z",
            "user": 1,
            "content_type": 14,
            "object_id": "27",
            "object_repr": "Haylou",
            "action_flag": 2,
            "change_message": "[{\"changed\": {\"fields\": [\"Image\"]}}]"
        }
    },
    {
        "model": "admin.logentry",
        "pk": 80,
        "fields": {
            "action_time": "2024-02-17T21:00:50.830Z",
            "user": 1,
            "content_type": 14,
            "object_id": "17",
            "object_repr": "HD-Conversion",
            "action_flag": 2,
            "change_message": "[{\"changed\": {\"fields\": [\"Image\"]}}]"
        }
    },
    {
        "model": "admin.logentry",
        "pk": 81,
        "fields": {
            "action_time": "2024-02-17T21:01:10.587Z",
            "user": 1,
            "content_type": 14,
            "object_id": "17",
            "object_repr": "HD-Conversion",
            "action_flag": 2,
            "change_message": "[{\"changed\": {\"fields\": [\"Image\"]}}]"
        }
    },
    {
        "model": "admin.logentry",
        "pk": 82,
        "fields": {
            "action_time": "2024-02-17T21:01:36.372Z",
            "user": 1,
            "content_type": 14,
            "object_id": "26",
            "object_repr": "holder",
            "action_flag": 2,
            "change_message": "[{\"changed\": {\"fields\": [\"Image\"]}}]"
        }
    },
    {
        "model": "admin.logentry",
        "pk": 83,
        "fields": {
            "action_time": "2024-02-17T21:01:56.574Z",
            "user": 1,
            "content_type": 14,
            "object_id": "26",
            "object_repr": "holder",
            "action_flag": 2,
            "change_message": "[{\"changed\": {\"fields\": [\"Image\"]}}]"
        }
    },
    {
        "model": "admin.logentry",
        "pk": 84,
        "fields": {
            "action_time": "2024-02-17T21:02:21.371Z",
            "user": 1,
            "content_type": 14,
            "object_id": "25",
            "object_repr": "holder",
            "action_flag": 2,
            "change_message": "[{\"changed\": {\"fields\": [\"Image\"]}}]"
        }
    },
    {
        "model": "admin.logentry",
        "pk": 85,
        "fields": {
            "action_time": "2024-02-17T21:02:40.313Z",
            "user": 1,
            "content_type": 14,
            "object_id": "25",
            "object_repr": "holder",
            "action_flag": 2,
            "change_message": "[{\"changed\": {\"fields\": [\"Image\"]}}]"
        }
    },
    {
        "model": "admin.logentry",
        "pk": 86,
        "fields": {
            "action_time": "2024-02-17T21:03:07.555Z",
            "user": 1,
            "content_type": 14,
            "object_id": "24",
            "object_repr": "holder",
            "action_flag": 2,
            "change_message": "[{\"changed\": {\"fields\": [\"Image\"]}}]"
        }
    },
    {
        "model": "admin.logentry",
        "pk": 87,
        "fields": {
            "action_time": "2024-02-17T21:03:25.963Z",
            "user": 1,
            "content_type": 14,
            "object_id": "24",
            "object_repr": "holder",
            "action_flag": 2,
            "change_message": "[{\"changed\": {\"fields\": [\"Image\"]}}]"
        }
    },
    {
        "model": "admin.logentry",
        "pk": 88,
        "fields": {
            "action_time": "2024-02-17T21:03:47.878Z",
            "user": 1,
            "content_type": 14,
            "object_id": "23",
            "object_repr": "holder",
            "action_flag": 2,
            "change_message": "[{\"changed\": {\"fields\": [\"Image\"]}}]"
        }
    },
    {
        "model": "admin.logentry",
        "pk": 89,
        "fields": {
            "action_time": "2024-02-17T21:04:09.159Z",
            "user": 1,
            "content_type": 14,
            "object_id": "23",
            "object_repr": "holder",
            "action_flag": 2,
            "change_message": "[{\"changed\": {\"fields\": [\"Image\"]}}]"
        }
    },
    {
        "model": "admin.logentry",
        "pk": 90,
        "fields": {
            "action_time": "2024-02-17T21:04:34.992Z",
            "user": 1,
            "content_type": 14,
            "object_id": "22",
            "object_repr": "holder",
            "action_flag": 2,
            "change_message": "[{\"changed\": {\"fields\": [\"Image\"]}}]"
        }
    },
    {
        "model": "admin.logentry",
        "pk": 91,
        "fields": {
            "action_time": "2024-02-17T21:05:00.082Z",
            "user": 1,
            "content_type": 14,
            "object_id": "22",
            "object_repr": "holder",
            "action_flag": 2,
            "change_message": "[{\"changed\": {\"fields\": [\"Image\"]}}]"
        }
    },
    {
        "model": "admin.logentry",
        "pk": 92,
        "fields": {
            "action_time": "2024-02-17T21:05:36.002Z",
            "user": 1,
            "content_type": 14,
            "object_id": "21",
            "object_repr": "iphone",
            "action_flag": 2,
            "change_message": "[{\"changed\": {\"fields\": [\"Image\"]}}]"
        }
    },
    {
        "model": "admin.logentry",
        "pk": 93,
        "fields": {
            "action_time": "2024-02-17T21:06:14.044Z",
            "user": 1,
            "content_type": 14,
            "object_id": "21",
            "object_repr": "iphone",
            "action_flag": 2,
            "change_message": "[{\"changed\": {\"fields\": [\"Image\"]}}]"
        }
    },
    {
        "model": "admin.logentry",
        "pk": 94,
        "fields": {
            "action_time": "2024-02-17T21:07:00.375Z",
            "user": 1,
            "content_type": 14,
            "object_id": "19",
            "object_repr": "iphone",
            "action_flag": 2,
            "change_message": "[{\"changed\": {\"fields\": [\"Image\"]}}]"
        }
    },
    {
        "model": "admin.logentry",
        "pk": 95,
        "fields": {
            "action_time": "2024-02-17T21:07:55.913Z",
            "user": 1,
            "content_type": 14,
            "object_id": "14",
            "object_repr": "iphone",
            "action_flag": 2,
            "change_message": "[{\"changed\": {\"fields\": [\"Image\"]}}]"
        }
    },
    {
        "model": "admin.logentry",
        "pk": 96,
        "fields": {
            "action_time": "2024-02-17T21:08:32.779Z",
            "user": 1,
            "content_type": 14,
            "object_id": "10",
            "object_repr": "Iphone 13",
            "action_flag": 2,
            "change_message": "[{\"changed\": {\"fields\": [\"Image\"]}}]"
        }
    },
    {
        "model": "admin.logentry",
        "pk": 97,
        "fields": {
            "action_time": "2024-02-17T21:09:08.214Z",
            "user": 1,
            "content_type": 14,
            "object_id": "15",
            "object_repr": "kuloman usb cable",
            "action_flag": 2,
            "change_message": "[{\"changed\": {\"fields\": [\"Image\"]}}]"
        }
    },
    {
        "model": "admin.logentry",
        "pk": 98,
        "fields": {
            "action_time": "2024-02-17T21:09:40.801Z",
            "user": 1,
            "content_type": 14,
            "object_id": "8",
            "object_repr": "MI glass / Note",
            "action_flag": 2,
            "change_message": "[{\"changed\": {\"fields\": [\"Image\"]}}]"
        }
    },
    {
        "model": "admin.logentry",
        "pk": 99,
        "fields": {
            "action_time": "2024-02-17T21:10:08.848Z",
            "user": 1,
            "content_type": 14,
            "object_id": "16",
            "object_repr": "OTG USB-C",
            "action_flag": 2,
            "change_message": "[{\"changed\": {\"fields\": [\"Image\"]}}]"
        }
    },
    {
        "model": "admin.logentry",
        "pk": 100,
        "fields": {
            "action_time": "2024-02-17T21:10:38.162Z",
            "user": 1,
            "content_type": 14,
            "object_id": "28",
            "object_repr": "qcy",
            "action_flag": 2,
            "change_message": "[{\"changed\": {\"fields\": [\"Image\"]}}]"
        }
    },
    {
        "model": "admin.logentry",
        "pk": 101,
        "fields": {
            "action_time": "2024-02-17T21:11:30.722Z",
            "user": 1,
            "content_type": 14,
            "object_id": "13",
            "object_repr": "Redmi Note 12 4G",
            "action_flag": 2,
            "change_message": "[{\"changed\": {\"fields\": [\"Image\"]}}]"
        }
    },
    {
        "model": "admin.logentry",
        "pk": 102,
        "fields": {
            "action_time": "2024-02-17T21:12:03.882Z",
            "user": 1,
            "content_type": 14,
            "object_id": "12",
            "object_repr": "Redmi Note 12 4G",
            "action_flag": 2,
            "change_message": "[{\"changed\": {\"fields\": [\"Image\"]}}]"
        }
    },
    {
        "model": "admin.logentry",
        "pk": 103,
        "fields": {
            "action_time": "2024-02-17T21:12:37.695Z",
            "user": 1,
            "content_type": 14,
            "object_id": "29",
            "object_repr": "Samsung",
            "action_flag": 2,
            "change_message": "[{\"changed\": {\"fields\": [\"Image\"]}}]"
        }
    },
    {
        "model": "admin.logentry",
        "pk": 104,
        "fields": {
            "action_time": "2024-02-17T21:13:08.293Z",
            "user": 1,
            "content_type": 14,
            "object_id": "18",
            "object_repr": "Samsung",
            "action_flag": 2,
            "change_message": "[{\"changed\": {\"fields\": [\"Image\"]}}]"
        }
    },
    {
        "model": "admin.logentry",
        "pk": 105,
        "fields": {
            "action_time": "2024-02-17T21:13:49.995Z",
            "user": 1,
            "content_type": 14,
            "object_id": "6",
            "object_repr": "Samsung a14",
            "action_flag": 2,
            "change_message": "[{\"changed\": {\"fields\": [\"Image\"]}}]"
        }
    },
    {
        "model": "admin.logentry",
        "pk": 106,
        "fields": {
            "action_time": "2024-02-17T21:14:22.735Z",
            "user": 1,
            "content_type": 14,
            "object_id": "7",
            "object_repr": "Samsung glass",
            "action_flag": 2,
            "change_message": "[{\"changed\": {\"fields\": [\"Image\"]}}]"
        }
    },
    {
        "model": "admin.logentry",
        "pk": 107,
        "fields": {
            "action_time": "2024-02-17T21:14:52.577Z",
            "user": 1,
            "content_type": 14,
            "object_id": "9",
            "object_repr": "Samsung glass / A",
            "action_flag": 2,
            "change_message": "[{\"changed\": {\"fields\": [\"Image\"]}}]"
        }
    },
    {
        "model": "admin.logentry",
        "pk": 108,
        "fields": {
            "action_time": "2024-02-17T21:15:38.034Z",
            "user": 1,
            "content_type": 14,
            "object_id": "11",
            "object_repr": "Samsung Z Fold 4",
            "action_flag": 2,
            "change_message": "[{\"changed\": {\"fields\": [\"Image\"]}}]"
        }
    },
    {
        "model": "admin.logentry",
        "pk": 109,
        "fields": {
            "action_time": "2024-02-17T21:16:11.798Z",
            "user": 1,
            "content_type": 14,
            "object_id": "30",
            "object_repr": "Xiaomi 13T Pro",
            "action_flag": 2,
            "change_message": "[{\"changed\": {\"fields\": [\"Image\"]}}]"
        }
    },
    {
        "model": "admin.logentry",
        "pk": 110,
        "fields": {
            "action_time": "2024-02-17T21:16:38.912Z",
            "user": 1,
            "content_type": 14,
            "object_id": "5",
            "object_repr": "Z flip5 Ed",
            "action_flag": 2,
            "change_message": "[{\"changed\": {\"fields\": [\"Image\"]}}]"
        }
    },
    {
        "model": "admin.logentry",
        "pk": 111,
        "fields": {
            "action_time": "2024-02-22T21:00:04.444Z",
            "user": 1,
            "content_type": 18,
            "object_id": "1",
            "object_repr": "hello",
            "action_flag": 1,
            "change_message": "[{\"added\": {}}]"
        }
    },
    {
        "model": "admin.logentry",
        "pk": 112,
        "fields": {
            "action_time": "2024-02-24T14:13:49.160Z",
            "user": 1,
            "content_type": 4,
            "object_id": "2",
            "object_repr": "Rivu",
            "action_flag": 3,
            "change_message": ""
        }
    },
    {
        "model": "admin.logentry",
        "pk": 113,
        "fields": {
            "action_time": "2024-02-24T14:13:49.187Z",
            "user": 1,
            "content_type": 4,
            "object_id": "6",
            "object_repr": "samira",
            "action_flag": 3,
            "change_message": ""
        }
    },
    {
        "model": "admin.logentry",
        "pk": 114,
        "fields": {
            "action_time": "2024-02-24T14:13:49.211Z",
            "user": 1,
            "content_type": 4,
            "object_id": "3",
            "object_repr": "Souro",
            "action_flag": 3,
            "change_message": ""
        }
    },
    {
        "model": "admin.logentry",
        "pk": 115,
        "fields": {
            "action_time": "2024-02-27T10:09:43.880Z",
            "user": 1,
            "content_type": 18,
            "object_id": "1",
            "object_repr": "hello",
            "action_flag": 3,
            "change_message": ""
        }
    },
    {
        "model": "auth.user",
        "pk": 1,
        "fields": {
            "password": "pbkdf2_sha256$720000$Ei8Y4ja4vc39cAo5fo6YI8$8cFyyXIInJNarpPisuplVQRDhLl3/lUldnnU9eSgPNI=",
            "last_login": "2024-03-05T19:38:46.938Z",
            "is_superuser": true,
            "username": "persian",
            "first_name": "",
            "last_name": "",
            "email": "mtnikmaram@gmail.com",
            "is_staff": true,
            "is_active": true,
            "date_joined": "2023-11-02T16:50:53.054Z",
            "groups": [],
            "user_permissions": []
        }
    },
    {
        "model": "auth.user",
        "pk": 7,
        "fields": {
            "password": "pbkdf2_sha256$260000$vZxenTdQJHz60ytf6ERgmH$R47KCFdszR/zSfaTgA7/S3M2u8eSxBTWcd6I13siLYY=",
            "last_login": "2024-02-24T14:17:29.123Z",
            "is_superuser": false,
            "username": "samira",
            "first_name": "",
            "last_name": "",
            "email": "samira.nikmaram@gmail.com",
            "is_staff": false,
            "is_active": true,
            "date_joined": "2024-02-24T14:15:44.277Z",
            "groups": [],
            "user_permissions": []
        }
    },
    {
        "model": "sessions.session",
        "pk": "0usp11zt8ulp4mzc02ru1p7rl2sies69",
        "fields": {
            "session_data": ".eJxVjMEOgyAQBf-Fc0NAWSoee-83kGUBpW2gEU3aGP-9NfHi9c28WZnDgfXrdmEWl3m0Sw2TTZ71TLLT5pCeIe_APzAPhVPJ85Qc3xV-0MrvxYfX7XBPgRHr-H9DBNAKqfWt7jqNRkrvmihQBAXiGlrfCUQilBBRNAp09GQEKYPGALk9WkOtqWQbPu80fVkvth-zS0It:1rbSHr:77aCgt0xMZSLaI0vAgtbO5Em0nob13_1J5TJbVX1xIw",
            "expire_date": "2024-03-02T21:31:55.973Z"
        }
    },
    {
        "model": "sessions.session",
        "pk": "1ix5ju26bkfij4w7vhre4in1trvq5cv5",
        "fields": {
            "session_data": ".eJxVjDsOwyAQBe9CHSEWsyykTO8zoOXj4CQCyZ8qyt0jSy6S9s3Me4vA-1bDvpYlzFlcBYjL7xY5PUs7QH5wu3eZetuWOcpDkSdd5dhzed1O9--g8lqP2uAABo1SjpDIQtEJEMsQ2VkCbx0gAUVyZkINBSdWoCxrTOyzt-LzBZWBNik:1rhach:Mvf74e7Fo0gVPJWBnCipa8R5wsN0USQ0VPf-caJd1v0",
            "expire_date": "2024-03-19T19:38:47.424Z"
        }
    },
    {
        "model": "sessions.session",
        "pk": "3ih9ovsd8k736725tjn8qmy3gntanlh9",
        "fields": {
            "session_data": ".eJxVjkEOwiAURO_C2hD7gQIu3XsGAvyprRpISuvGeHdt0oVu572ZzEuEuC5jWBvmMLE4iU4cfrMU8x1lA3yL5VplrmWZpyQ3Re60yUtlPM67-zcwxjZ-273rDMUBiil7EBwRKXIW3mTyqbOaMzwcW7Zeg40HR6P6pPQR0NurFp8IUxmqOC3zivcHxyY-EQ:1rC46V:B9mcB4JRggUKxdjDnT3XBcY4zVlQuYaq76AmtlgpKvk",
            "expire_date": "2023-12-23T20:39:15.698Z"
        }
    },
    {
        "model": "sessions.session",
        "pk": "7ojhoz0x7rjbwqpa1ko742uyt2js6dct",
        "fields": {
            "session_data": ".eJxVjkEOwiAURO_C2pD2AwW6dO8ZCPC_FjVgoE00xrtrTRe6nfdmMk_m_DJPbmlUXUI2sp7tfrPg44XyCvDs86nwWPJcU-Crwjfa-KEgXfeb-zcw-TZ92oPpFfgjCYRoCcgAgACjyaoINvRaYiRLBjVqKwmVJfRKDEHIjkh-XzVqLZXs6H5L9cHG7vUGhrY_Kg:1rDYBE:Z1EuhCoRltqWgGSJU4F-nE4b9Su12cON6CRWNmtHKLc",
            "expire_date": "2023-12-27T22:58:16.897Z"
        }
    },
    {
        "model": "sessions.session",
        "pk": "bbw7o9a08uohmwqn2imkntpk6lr82qls",
        "fields": {
            "session_data": ".eJxVjDsOwyAQBe9CHSEWsyykTO8zoOXj4CQCyZ8qyt0jSy6S9s3Me4vA-1bDvpYlzFlcBYjL7xY5PUs7QH5wu3eZetuWOcpDkSdd5dhzed1O9--g8lqP2uAABo1SjpDIQtEJEMsQ2VkCbx0gAUVyZkINBSdWoCxrTOyzt-LzBZWBNik:1rhCNu:9Bd2KxhfcP09qd84N0KEd5n5eUk-8NIIWuKrFIXC3sI",
            "expire_date": "2024-03-18T17:45:54.889Z"
        }
    },
    {
        "model": "sessions.session",
        "pk": "cm7viijakv2hhiyzk2uyy00vfdxtlfb0",
        "fields": {
            "session_data": ".eJxlkMFOxDAMRP_F5ypK2jhpeuTOFyBUuYmXBthk1aQCtNp_h8BeKm6WZ_zkmSuQ93lPdaa9rpxq9FRjTvOZ65pDgenpCn8zTHChUj7yFqADqjApK512UveDMHZwqEwHe-Et0Zmbm7cSKcHtuYNf_NzEOTaSgsNuIf_GqQnhldJLFj6nusVFNIu4q0U85sDvD3fvAbBSWdu1xkFp1FKOFq01inuvEHlYaDRWOTMqtMoudtQn7BXjiaSShnr05IIzLdj_PjjMh7ha2BGt7n8-KFxKq4s_L3H7gknevgHATG1i:1rgqYF:2xeeiIDy_f44LJDNoJqUm4-VxedoWi1TLDPoUSvFNFQ",
            "expire_date": "2024-03-17T18:27:07.067Z"
        }
    },
    {
        "model": "sessions.session",
        "pk": "dddd2hrqa609x8zjqqgmll8puvp1iz66",
        "fields": {
            "session_data": ".eJxVjk0OwiAYRO_CuiEt_QG6dO8ZCPBNLWrAQGs0xrtrjQvdznszmQczdl1msxZkE4iNrGHVb-asPyFugI42HhL3KS45OL4p_EsL3yfCefd1_wZmW-Z3e1BNL-yEloTXEFBCiFYoCd17oV0jO_LQUCRJ6g7Ua5Dt28G1XQ10n1cFpYQUDW6XkO9srCtW7BUmxCmxcckrni_rDUVO:1raAZQ:uEJSIRua9HB_-2lRevkmUolyj6YolLovfefWbRmoWdM",
            "expire_date": "2024-02-28T08:24:44.987Z"
        }
    },
    {
        "model": "sessions.session",
        "pk": "dnryns8p8oyk7babx62ra2wwjyerjafg",
        "fields": {
            "session_data": "eyJiYWciOnt9fQ:1rSZ5I:YkbVq35vvFRrU6LGNvzyvVjxTnVOkIZ6namQsm3n-mg",
            "expire_date": "2024-02-07T08:58:12.801Z"
        }
    },
    {
        "model": "sessions.session",
        "pk": "fwf2gai2xuyr4k8b6zfkio5w3x5p6o32",
        "fields": {
            "session_data": ".eJxVjDsOwyAQBe9CHSEWsyykTO8zoOXj4CQCyZ8qyt0jSy6S9s3Me4vA-1bDvpYlzFlcBYjL7xY5PUs7QH5wu3eZetuWOcpDkSdd5dhzed1O9--g8lqP2uAABo1SjpDIQtEJEMsQ2VkCbx0gAUVyZkINBSdWoCxrTOyzt-LzBZWBNik:1rhCEW:qdMDbqnijvz8GUTgt9AKQGQm6Qpj11i-afcECRvrHAY",
            "expire_date": "2024-03-18T17:36:12.905Z"
        }
    },
    {
        "model": "sessions.session",
        "pk": "hxexibgzoe1dwx8ej3f94ffhllhjitq3",
        "fields": {
            "session_data": ".eJxVjDsOwyAQBe-ydYTCAgZcps8ZrIXdGCcRlvypLN89seTG7ZuZt0GiHtptv0FH61K6dZapGxha0HDZEuWP1APwm2o_qjzWZRqSOhR10lk9R5bv43QvB4Xm8q-boB3SSwxjjoISENFg8BJdxpi0t5wlSmDPPlphF4XJmSYZexexGvYfy0o6uQ:1rAxek:NTTrGrQRItm6AJJGtW2-QEswRt_F6Q70U5fvL_oJzGY",
            "expire_date": "2023-12-20T19:34:02.137Z"
        }
    },
    {
        "model": "sessions.session",
        "pk": "ivf4wa2gtz0tugzpxl3qfech4e062816",
        "fields": {
            "session_data": ".eJxVjU0OgyAQhe8ya2MEAYVdexEy4FBJDW0EkzbGu1cbF-3y_X1vBYtLGe2SabZxAAMdVL-eQ3-ndAQ4TYddo_ePJZX62znjXF92RalEjyU-0vVc_aFGzOPOackz7IQMRGoIQ8946JTQmmEInKFXSkumvWslBRSCnOx5I9teNdhK5vCAZsp5v7H0esb5DaapwOENzApcg2Hb9gHr20ei:1rdstE:tgp-MVu3lepupnR8teYF_4vT9DI2ZKj71nSaElCI3cY",
            "expire_date": "2024-03-09T14:20:32.213Z"
        }
    },
    {
        "model": "sessions.session",
        "pk": "jn4tbwae21mbcs3ad4zeh7n2wxlf3bto",
        "fields": {
            "session_data": ".eJxVjDEOwjAMAP-SGUVxY1rCyN43RI7tkgJKpKadEH9HlTrAene6t4m0rTluTZc4i7kaMKdfloifWnYhDyr3armWdZmT3RN72GbHKvq6He3fIFPL-9Yp-jOoF1CcCGhATs4JM10gTBCQ-oETBO6BO1RmhIHRcz9JEuzM5wvtbDhw:1qeeUA:OmOn-6gU0sgIUhEoFm5b5N2WJOk3cqn3c_cqN6Uoeto",
            "expire_date": "2023-09-22T16:37:34.408Z"
        }
    },
    {
        "model": "sessions.session",
        "pk": "m3d7blzvl7j9bzixthb54xrk5bznoppr",
        "fields": {
            "session_data": ".eJxVjEEOwiAQRe_C2pCBlhK6dO8ZyMAMFjVgSptojHfXJl3o9r_330t4XJfJr41nn0mMQonD7xYwXrlsgC5YzlXGWpY5B7kpcqdNnirx7bi7f4EJ2_R9I8RASErZLvUEmuxgoBsUDJ2znEyPxpJzIeneEkS2SccIoLSBZB27Ldq4tVyL58c9z08xwvsDgpY-1w:1rfIo8:3MaRtXD7MQJtAm29YW1oBBn04LBepBdXWIhUGUYmvgk",
            "expire_date": "2024-03-13T12:13:08.038Z"
        }
    },
    {
        "model": "sessions.session",
        "pk": "mlx2ilz9qz7ux3z36a03gmoaeqmpy1y8",
        "fields": {
            "session_data": "e30:1rBYdC:Jd3KmLc4uQWiStfChjPBLMrEhYSUQiBoxWtVy9EtnOw",
            "expire_date": "2023-12-22T11:02:54.020Z"
        }
    },
    {
        "model": "sessions.session",
        "pk": "o4xwymt6675p9aw7mnzle2uykvb5epd4",
        "fields": {
            "session_data": ".eJxVjMEOwiAQRP-FsyFdSmHx6N1vIJRlpWogKe3J-O9K0oPOcd6beQkf9i37vaXVLyTOAsTpt5tDfKTSAd1DuVUZa9nWZZZdkQdt8lopPS-H-3eQQ8t9jYndhMiKOVgDSjlE-00iiBpHYEeTVQR6DM6BpsTDbMzAzARoSbw_3HI31w:1r94BN:b9r-GZSbZ6DHI9DA67BOv5lxkjJ_sNxPG9AUNTRQp0M",
            "expire_date": "2023-12-15T14:07:53.997Z"
        }
    },
    {
        "model": "sessions.session",
        "pk": "opujoi6oofxddx0z62vb3i4jybu7v49n",
        "fields": {
            "session_data": ".eJxVjM0OwiAQhN-FsyFA-dOjd5-BsOwiVQNJaU_Gd5cmPehpJvPNzJuFuK0lbJ2WMCO7MMlOvxnE9KS6A3zEem88tbouM_C9wg_a-a0hva5H9--gxF7G2iQE7QxZaQBxSpQJ0EsHAh0NTZPSaOyw-eyt9UJBymC0iV4JUop9vgU1ODk:1rfzL2:fwqMPAc1cnPh7X0ywO3Pplk-SIC25nIhqPrj2s5FCmA",
            "expire_date": "2024-03-15T09:37:56.586Z"
        }
    },
    {
        "model": "sessions.session",
        "pk": "r4k91c0itas3h4rnft18ocv5srtpjx3u",
        "fields": {
            "session_data": ".eJxVjkEOwiAURO_C2pD2AwW6dO8ZCPC_FjVgoE00xrtrTRe6nfdmMk_m_DJPbmlUXUI2sp7tfrPg44XyCvDs86nwWPJcU-Crwjfa-KEgXfeb-zcw-TZ92oPpFfgjCYRoCcgAgACjyaoINvRaYiRLBjVqKwmVJfRKDEHIjkh-XzVqLZXs6H5L9cHG7vUGhrY_Kg:1rRpxr:ip7Kbu4M-Sh7Pf05AGTo2a0Nqv9hQ2P3lYjruLxSAWk",
            "expire_date": "2024-02-05T08:47:31.476Z"
        }
    },
    {
        "model": "sessions.session",
        "pk": "rvaqsdeapqcg39af6yvcg9i7qamckg9d",
        "fields": {
            "session_data": ".eJxVjEEOwiAQRe_C2hBghgIu3fcMZGBQqoYmpV0Z765NutDtf-_9l4i0rTVuvSxxYnEWWpx-t0T5UdoO-E7tNss8t3WZktwVedAux5nL83K4fweVev3WwRXHKpkAqIP1Kjs10BUyehW8BdYEiBmcVoAJDGrLigYTkAJmJiveH6x5NnY:1rfghm:TfkV1XvEvAv_9CxlNzzkNE-A3EE22HVL_4XEp99vWJw",
            "expire_date": "2024-03-14T13:44:10.228Z"
        }
    },
    {
        "model": "sessions.session",
        "pk": "sy4fccrd5v3cgso2byxnm65tahffkfnb",
        "fields": {
            "session_data": ".eJxVjDsOwyAQBe9CHSEWsyykTO8zoOXj4CQCyZ8qyt0jSy6S9s3Me4vA-1bDvpYlzFlcBYjL7xY5PUs7QH5wu3eZetuWOcpDkSdd5dhzed1O9--g8lqP2uAABo1SjpDIQtEJEMsQ2VkCbx0gAUVyZkINBSdWoCxrTOyzt-LzBZWBNik:1rgmDS:t5nGGmp20WIFdibJfMfrsABuynmn8WYOYwd8AEgnjCc",
            "expire_date": "2024-03-17T13:49:22.235Z"
        }
    },
    {
        "model": "sessions.session",
        "pk": "tfyth96zrhai1ugv8szfvalw3oz210qo",
        "fields": {
            "session_data": ".eJwtjEEKAjEQBL8y9DmGxeOeBJ-xWcIg4zLqJJLJwUX8uxE81KWq6Teyi7vWkuX11LZjngKyDcebOGYsS0LONx-Lv00INAU6DhLOtVy1GfdxQXIw1ge5lE69krNp41j0btzYTtuvxku1mLCu-HwBsw0rZA:1raY8x:D-XYGmohC87TpoCRtdy9Q7VWqP0XgUUeUib3bwLsVso",
            "expire_date": "2024-02-29T09:34:59.488Z"
        }
    },
    {
        "model": "sessions.session",
        "pk": "u0c6a4o2scpw7jota18bi3rvzbw0wfu6",
        "fields": {
            "session_data": ".eJxVjDsOwyAQBe9CHSEWsyykTO8zoOXj4CQCyZ8qyt0jSy6S9s3Me4vA-1bDvpYlzFlcBYjL7xY5PUs7QH5wu3eZetuWOcpDkSdd5dhzed1O9--g8lqP2uAABo1SjpDIQtEJEMsQ2VkCbx0gAUVyZkINBSdWoCxrTOyzt-LzBZWBNik:1rhZpA:JWE7NMNE-bVSohtVlrMdy8K-N2xevBsSYMd2j3ZK3-E",
            "expire_date": "2024-03-19T18:47:36.453Z"
        }
    },
    {
        "model": "sessions.session",
        "pk": "u21onhxlftr4mvv0mfjnt25q2sgu0y0e",
        "fields": {
            "session_data": ".eJxVjkEOgyAURO_CuiH6AQGX3fcMBPi_SttAI5q0Md69NXHjdt6byazMVao1lezo807Tl_XNhTm_zKNbKk0uIetZy05Z8PFJeQf48HkoPJY8TynwXeEHrfxWkF7Xwz0NjL6O_3ZnWgX-TgIhWgIyACDAaLIqgg2tlhjJkkGN2kpCZQm9El0QsiGS-6vgB9av2_YDSgJB9g:1rC4cJ:4-jd7Qh7a8MUYpiVOGVyI_kKlmFj4uF2l1aaWISYxUA",
            "expire_date": "2023-12-23T21:12:07.498Z"
        }
    },
    {
        "model": "sessions.session",
        "pk": "ut6hvxkedrxr7gij0h4b4pr33udrk9pt",
        "fields": {
            "session_data": ".eJxVjDsOwyAQBe9CHSEWsyykTO8zoOXj4CQCyZ8qyt0jSy6S9s3Me4vA-1bDvpYlzFlcBYjL7xY5PUs7QH5wu3eZetuWOcpDkSdd5dhzed1O9--g8lqP2uAABo1SjpDIQtEJEMsQ2VkCbx0gAUVyZkINBSdWoCxrTOyzt-LzBZWBNik:1rgq7w:Hou83hs5OHgB2GQf-GRi2JZL2_JMTAumF6EjJDHh_DE",
            "expire_date": "2024-03-17T17:59:56.437Z"
        }
    },
    {
        "model": "sessions.session",
        "pk": "uw61lpd77ozhrm3z0z2p7medj7hkmzfr",
        "fields": {
            "session_data": ".eJxVjDsOwyAQBe9CHSEWsyykTO8zoOXj4CQCyZ8qyt0jSy6S9s3Me4vA-1bDvpYlzFlcBYjL7xY5PUs7QH5wu3eZetuWOcpDkSdd5dhzed1O9--g8lqP2uAABo1SjpDIQtEJEMsQ2VkCbx0gAUVyZkINBSdWoCxrTOyzt-LzBZWBNik:1rh4NS:pjc1XPPCEz12jVZrlKxlpCHSH_UBMxEEyznJiPs7wqk",
            "expire_date": "2024-03-18T09:12:54.529Z"
        }
    },
    {
        "model": "sessions.session",
        "pk": "v9b9e6726d7lm3hz5x1rkfh9def7hg2y",
        "fields": {
            "session_data": "e30:1r6y5k:-kTBeuLrhi2YOltM53tso8FcqwYo-VHd5_Arx_LSxBg",
            "expire_date": "2023-12-09T19:13:24.981Z"
        }
    },
    {
        "model": "sessions.session",
        "pk": "vjq37gykbr7g2p8oejdlsvpv5c25hvo5",
        "fields": {
            "session_data": ".eJxVjkEOwiAURO_C2pD2AwW6dO8ZCPC_FjVgoE00xrtrTRe6nfdmMk_m_DJPbmlUXUI2sp7tfrPg44XyCvDs86nwWPJcU-Crwjfa-KEgXfeb-zcw-TZ92oPpFfgjCYRoCcgAgACjyaoINvRaYiRLBjVqKwmVJfRKDEHIjkh-XzVqLZXs6H5L9cHG7vUGhrY_Kg:1rCckU:0QhBeRY3LsdpZlRkLk7Rx3fulT7LpAsrVaOGIkyVGTY",
            "expire_date": "2023-12-25T09:38:50.005Z"
        }
    },
    {
        "model": "sessions.session",
        "pk": "vl2955xzg95fu0nhsp5g5dde0047hy6u",
        "fields": {
            "session_data": ".eJxVjDsOwyAQBe9CHSEWsyykTO8zoOXj4CQCyZ8qyt0jSy6S9s3Me4vA-1bDvpYlzFlcBYjL7xY5PUs7QH5wu3eZetuWOcpDkSdd5dhzed1O9--g8lqP2uAABo1SjpDIQtEJEMsQ2VkCbx0gAUVyZkINBSdWoCxrTOyzt-LzBZWBNik:1rfjze:PsJw0g1bYTPg-hyCvzzaF8AaE-DeamsMNOxH8LIdOlg",
            "expire_date": "2024-03-14T17:14:50.228Z"
        }
    },
    {
        "model": "sessions.session",
        "pk": "w7dkt879oc1sqtc6bzsa98lxojbbu67z",
        "fields": {
            "session_data": ".eJxVjkEOgyAURO_C2hD9goDL7nsGAvxfpW2gEU3aGO_e2rhot_PeTGZl1i3zaJdCk43Ietaw6jfzLtwo7QCvLg2Zh5zmKXq-K_yghZ8z0v10uH8Doyvjp93pRoK7UIsQDAFpAGhBKzIygPGNEhjIkEaFyghCaQidbDvfippIfF8VKiXmZOn5iNOL9XXFvBtYv27bG8nxQfY:1rT4GS:dCquCmS-vNNdux5mNQlyoiYKsFC1mT8J_Y2_GKaHkRE",
            "expire_date": "2024-02-08T18:15:48.823Z"
        }
    },
    {
        "model": "sessions.session",
        "pk": "wn2dg5cthx46wz1lad7eacq4y9gxqolp",
        "fields": {
            "session_data": "eyJiYWciOnsiNSI6MX19:1rdphf:x5NE29LWVZsSjZz-l6jlaTwAb6WnWvcYDgkxLdRg_P4",
            "expire_date": "2024-03-09T10:56:23.954Z"
        }
    },
    {
        "model": "sessions.session",
        "pk": "yoczsov49ftgwe6dd2rkkc1a914slkf7",
        "fields": {
            "session_data": ".eJxVjDsOwjAQRO_iGllek_iTkp4zWE52lxiQjeJEAiHuDkEpYMqZN-8pQlzmMSyVppBQdALE7rfr43ChvA54jvlU5FDyPKVerojc1iqPBel62Ng_wRjruL4dsW-dY80crQGtvXP2E0IYGrcH9thajdDso_fQILHqjVHMjODsV1qp1lRyoPstTQ_RgVbeKPV6AwCnQEY:1r8eCg:04IXkJaGaZn9l8kw1CRNFZhcvAG4MvZZzp7qz0hWnyk",
            "expire_date": "2023-12-14T10:23:30.254Z"
        }
    },
    {
        "model": "sessions.session",
        "pk": "yrixw6gasqnka6ki4vhf02wc4i403ihc",
        "fields": {
            "session_data": ".eJxVjjsOgzAQRO-yNbLitY0_ZfqcwbK9SyCJQMKQBnH3BIkiaee9Gc0GMa1LH9fKcxwIAkhofrOcypPHA9AjjfdJlGlc5iGLQxEnreI2Eb-up_s30Kfaf9utkwZTx4qweEZ2iKjQWfamoM_Sairs2ZEl6zWT8UzJqDYrfWHWx6ua3hyHsZsgLPPKDeR0h7CBQghy3z-FtkHx:1rRpzE:L0HqRyyik5HA61PSHC5ZLkYxAfdpTxx0B4d9--bbgoA",
            "expire_date": "2024-02-05T08:48:56.007Z"
        }
    },
    {
        "model": "sessions.session",
        "pk": "yvvwjutuuudtc8u8qckmuas7corpx78q",
        "fields": {
            "session_data": ".eJxVjDsOwyAQBe9CHSEWsyykTO8zoOXj4CQCyZ8qyt0jSy6S9s3Me4vA-1bDvpYlzFlcBYjL7xY5PUs7QH5wu3eZetuWOcpDkSdd5dhzed1O9--g8lqP2uAABo1SjpDIQtEJEMsQ2VkCbx0gAUVyZkINBSdWoCxrTOyzt-LzBZWBNik:1rhZoL:zuj5gtc_gdU05yeB-1a_EuaIoXGoL0ujIc1EWnuEzq4",
            "expire_date": "2024-03-19T18:46:45.183Z"
        }
    },
    {
        "model": "sessions.session",
        "pk": "zl97g3rw945vwdn16568krdmrxfqvxqs",
        "fields": {
            "session_data": ".eJxVjDsOwyAQBe9CHSEWsyykTO8zoOXj4CQCyZ8qyt0jSy6S9s3Me4vA-1bDvpYlzFlcBYjL7xY5PUs7QH5wu3eZetuWOcpDkSdd5dhzed1O9--g8lqP2uAABo1SjpDIQtEJEMsQ2VkCbx0gAUVyZkINBSdWoCxrTOyzt-LzBZWBNik:1rh85y:JP1TgUDOMpyz_4fb8Z_0kkgpSX0_oF-73iNFFCp_M4k",
            "expire_date": "2024-03-18T13:11:06.091Z"
        }
    },
    {
        "model": "sites.site",
        "pk": 1,
        "fields": {
            "domain": "persianshop.example.com",
            "name": "Persian shop"
        }
    },
    {
        "model": "account.emailaddress",
        "pk": 1,
        "fields": {
            "user": 1,
            "email": "mtnikmaram@gmail.com",
            "verified": true,
            "primary": true
        }
    },
    {
        "model": "account.emailaddress",
        "pk": 7,
        "fields": {
            "user": 7,
            "email": "samira.nikmaram@gmail.com",
            "verified": true,
            "primary": true
        }
    },
    {
        "model": "products.category",
        "pk": 1,
        "fields": {
            "name": "Iphone",
            "friendly_name": "iphone"
        }
    },
    {
        "model": "products.category",
        "pk": 2,
        "fields": {
            "name": "Samsung",
            "friendly_name": "samsung"
        }
    },
    {
        "model": "products.category",
        "pk": 3,
        "fields": {
            "name": "MI",
            "friendly_name": "mi"
        }
    },
    {
        "model": "products.category",
        "pk": 4,
        "fields": {
            "name": "Glass",
            "friendly_name": "glass"
        }
    },
    {
        "model": "products.category",
        "pk": 5,
        "fields": {
            "name": "Cover",
            "friendly_name": "cover"
        }
    },
    {
        "model": "products.category",
        "pk": 6,
        "fields": {
            "name": "Charger",
            "friendly_name": "charger"
        }
    },
    {
        "model": "products.category",
        "pk": 7,
        "fields": {
            "name": "Holder",
            "friendly_name": "holder"
        }
    },
    {
        "model": "products.category",
        "pk": 8,
        "fields": {
            "name": "Cable",
            "friendly_name": "cable"
        }
    },
    {
        "model": "products.category",
        "pk": 9,
        "fields": {
            "name": "Other",
            "friendly_name": "other"
        }
    },
    {
        "model": "products.category",
        "pk": 10,
        "fields": {
            "name": "Headphone",
            "friendly_name": "headphone"
        }
    },
    {
        "model": "products.product",
        "pk": 1,
        "fields": {
            "category": 1,
            "name": "iphone 15",
            "description": "Released 2023, September 22\r\n171g, 7.8mm thickness\r\niOS 17, up to iOS 17.1.1\r\n128GB/256GB/512GB storage, no card slot\r\n1179x2556 pixels\r\n48MP\r\n2160p\r\n6GB RAM\r\nApple A16 Bionic\r\n3349mAh\r\nLi-Ion",
            "price": "769.99",
            "image_url": null,
            "image": "media/iphone15_m75xfr"
        }
    },
    {
        "model": "products.product",
        "pk": 2,
        "fields": {
            "category": 1,
            "name": "iphone 15promax",
            "description": "iPhone 15 promax",
            "price": "1199.99",
            "image_url": null,
            "image": "media/15promax_rmjf8y"
        }
    },
    {
        "model": "products.product",
        "pk": 3,
        "fields": {
            "category": 2,
            "name": "Samsung s23ultra",
            "description": "Released 2023, February 17\r\n234g, 8.9mm thickness\r\nAndroid 13, up to Android 14, One UI 6\r\n256GB/512GB/1TB storage, no card slot\r\n1440x3088 pixels\r\n200MP\r\n4320p\r\n8/12GB RAM\r\nSnapdragon 8 Gen 2\r\n5000mAh\r\nLi-Ion",
            "price": "799.00",
            "image_url": null,
            "image": "media/s23ultra_ltpypg"
        }
    },
    {
        "model": "products.product",
        "pk": 4,
        "fields": {
            "category": 1,
            "name": "iPhone 13",
            "description": "Brand\tApple\r\nModel Name\t13\r\nWireless Carrier\t3\r\nCellular Technology\t5G\r\nMemory Storage Capacity\t128 GB\r\nConnectivity Technology\tWi-Fi\r\nColor\tMidnight\r\nScreen Size\t6.1 Inches\r\nWireless network technology\tGSM\r\nSIM card slot count\tDual SIM",
            "price": "474.99",
            "image_url": null,
            "image": "media/iphone-13_aHy4YiX_xcl0lw"
        }
    },
    {
        "model": "products.product",
        "pk": 5,
        "fields": {
            "category": 2,
            "name": "Z flip5 Ed",
            "description": "Released 2023, August 11\r\n187g, 6.9mm thickness\r\nAndroid 13, up to Android 14, One UI 6\r\n256GB/512GB storage, no card slot\r\n11%\r\n1,288,204 HITS\r\n218\r\nBECOME A FAN\r\n6.7\"\r\n1080x2640 pixels\r\n12MP\r\n2160p\r\n8GB RAM\r\nSnapdragon 8 Gen 2\r\n3700mAh\r\nLi-Po",
            "price": "949.99",
            "image_url": null,
            "image": "media/zfilip5_hxdttt"
        }
    },
    {
        "model": "products.product",
        "pk": 6,
        "fields": {
            "category": 4,
            "name": "Samsung a14",
            "description": "for Samsung galaxy a14",
            "price": "4.99",
            "image_url": null,
            "image": "media/glass-samsung_pdnci1"
        }
    },
    {
        "model": "products.product",
        "pk": 7,
        "fields": {
            "category": 4,
            "name": "Samsung glass",
            "description": "Galaxy A02 / M13 / A23",
            "price": "4.99",
            "image_url": null,
            "image": "media/glass-samsung-1_ycbmwm"
        }
    },
    {
        "model": "products.product",
        "pk": 8,
        "fields": {
            "category": 4,
            "name": "MI glass / Note",
            "description": "Redmi Note 10 Pro / Note 10 Pro Max / Note 11 Pro",
            "price": "4.99",
            "image_url": null,
            "image": "media/glass-mi_zczjcv"
        }
    },
    {
        "model": "products.product",
        "pk": 9,
        "fields": {
            "category": 4,
            "name": "Samsung glass / A",
            "description": "A51 5G \\ A52 5G \\ A53 5G \\ M31s \\ S20 FE \\ S21 FE \\ A52s \\ A53s Pack Of 3",
            "price": "4.99",
            "image_url": null,
            "image": "media/glass-samsung-2_whjpms"
        }
    },
    {
        "model": "products.product",
        "pk": 10,
        "fields": {
            "category": 5,
            "name": "Iphone 13",
            "description": "iPhone 13 new skin",
            "price": "25.99",
            "image_url": null,
            "image": "media/cover-iphone_pgizgp"
        }
    },
    {
        "model": "products.product",
        "pk": 11,
        "fields": {
            "category": 5,
            "name": "Samsung Z Fold 4",
            "description": "Galaxy Z Fold 4",
            "price": "45.99",
            "image_url": null,
            "image": "media/cover-samsung_za9hjn"
        }
    },
    {
        "model": "products.product",
        "pk": 12,
        "fields": {
            "category": 5,
            "name": "Redmi Note 12 4G",
            "description": "Redmi Note 12 4G",
            "price": "54.99",
            "image_url": null,
            "image": "media/cover-mi_rp5pg3"
        }
    },
    {
        "model": "products.product",
        "pk": 13,
        "fields": {
            "category": 3,
            "name": "Redmi Note 12 4G",
            "description": "Released 2023, March 30\r\n183.5g, 7.9mm thickness\r\nAndroid 13, MIUI 14\r\n64GB/128GB/256GB storage, microSDXC\r\n1080x2400 pixels\r\n50MP\r\n1080p\r\n4-8GB RAM\r\nSnapdragon 685\r\n5000mAh",
            "price": "137.99",
            "image_url": null,
            "image": "media/Redmi_Note_12_4G_bvvued"
        }
    },
    {
        "model": "products.product",
        "pk": 14,
        "fields": {
            "category": 8,
            "name": "iphone",
            "description": "usb to lightning for iPhone",
            "price": "44.99",
            "image_url": null,
            "image": "media/cable-iphone_masejm"
        }
    },
    {
        "model": "products.product",
        "pk": 15,
        "fields": {
            "category": 8,
            "name": "kuloman usb cable",
            "description": "microUSB",
            "price": "25.99",
            "image_url": null,
            "image": "media/cable-usb_rovba3"
        }
    },
    {
        "model": "products.product",
        "pk": 16,
        "fields": {
            "category": 8,
            "name": "OTG USB-C",
            "description": "Remax OTG USB-C",
            "price": "9.99",
            "image_url": null,
            "image": "media/otg_b863rv"
        }
    },
    {
        "model": "products.product",
        "pk": 17,
        "fields": {
            "category": 8,
            "name": "HD-Conversion",
            "description": "VGA to HDMI",
            "price": "14.99",
            "image_url": null,
            "image": "media/vga_ml0mpf"
        }
    },
    {
        "model": "products.product",
        "pk": 18,
        "fields": {
            "category": 6,
            "name": "Samsung",
            "description": "25 w type-C",
            "price": "19.99",
            "image_url": null,
            "image": "media/samsung_charger_kdkwlx"
        }
    },
    {
        "model": "products.product",
        "pk": 19,
        "fields": {
            "category": 6,
            "name": "iphone",
            "description": "20 w iphone charger",
            "price": "25.00",
            "image_url": null,
            "image": "media/iphone-charger_mgw69e"
        }
    },
    {
        "model": "products.product",
        "pk": 20,
        "fields": {
            "category": 6,
            "name": "car charger",
            "description": "usb 3 for all cellphones",
            "price": "17.99",
            "image_url": null,
            "image": "media/charger-car_oydset"
        }
    },
    {
        "model": "products.product",
        "pk": 21,
        "fields": {
            "category": 6,
            "name": "iphone",
            "description": "MagSafe",
            "price": "45.00",
            "image_url": null,
            "image": "media/iphone-macsafe_yv1cha"
        }
    },
    {
        "model": "products.product",
        "pk": 22,
        "fields": {
            "category": 7,
            "name": "holder",
            "description": "black",
            "price": "48.00",
            "image_url": null,
            "image": "media/holder_jay0tc"
        }
    },
    {
        "model": "products.product",
        "pk": 23,
        "fields": {
            "category": 7,
            "name": "holder",
            "description": "car holder",
            "price": "28.00",
            "image_url": null,
            "image": "media/holder-1_wlgdld"
        }
    },
    {
        "model": "products.product",
        "pk": 24,
        "fields": {
            "category": 7,
            "name": "holder",
            "description": "car holder",
            "price": "34.99",
            "image_url": null,
            "image": "media/holder-2_njipxg"
        }
    },
    {
        "model": "products.product",
        "pk": 25,
        "fields": {
            "category": 7,
            "name": "holder",
            "description": "holder",
            "price": "21.99",
            "image_url": null,
            "image": "media/holder-3_gxjsmo"
        }
    },
    {
        "model": "products.product",
        "pk": 26,
        "fields": {
            "category": 7,
            "name": "holder",
            "description": "car holder",
            "price": "32.99",
            "image_url": null,
            "image": "media/holder-4_u0vbyr"
        }
    },
    {
        "model": "products.product",
        "pk": 27,
        "fields": {
            "category": 10,
            "name": "Haylou",
            "description": "Bluetooth",
            "price": "90.99",
            "image_url": null,
            "image": "media/haylou_rb0tox"
        }
    },
    {
        "model": "products.product",
        "pk": 28,
        "fields": {
            "category": 10,
            "name": "qcy",
            "description": "Bluetooth",
            "price": "58.99",
            "image_url": null,
            "image": "media/qcy_k5i4lc"
        }
    },
    {
        "model": "products.product",
        "pk": 29,
        "fields": {
            "category": 10,
            "name": "Samsung",
            "description": "Galaxy Buds2 Pro",
            "price": "150.00",
            "image_url": null,
            "image": "media/buds_cgwd9u"
        }
    },
    {
        "model": "products.product",
        "pk": 30,
        "fields": {
            "category": 3,
            "name": "Xiaomi 13T Pro",
            "description": "Released 2023, September 26\r\n200g or 206g, 8.5mm thickness\r\nAndroid 13, MIUI 14\r\n256GB/512GB/1TB storage, no card slot\r\n\r\n1220x2712 pixels\r\n50MP\r\n4320p\r\n12/16GB RAM\r\nDimensity 9200+\r\n5000mAh\r\nLi-Po",
            "price": "595.00",
            "image_url": null,
            "image": "media/13T_Pro_ovd38l"
        }
    },
    {
        "model": "checkout.order",
        "pk": 2,
        "fields": {
            "order_number": "DDB747519BF941AD8C45FFEF8BE19553",
            "user_profile": null,
            "full_name": "mohammad",
            "email": "mtnikmaram@gmail.com",
            "phone_number": "12334",
            "country": "US",
            "postcode": null,
            "town_or_city": "12345",
            "street_address1": "12345",
            "street_address2": null,
            "county": null,
            "date": "2023-12-10T16:37:54.559Z",
            "delivery_cost": "0.00",
            "order_total": "1199.99",
            "grand_total": "1199.99",
            "original_bag": "{\"2\": 1}",
            "stripe_pid": "pi_3OLpzICJyAgrpdVr1uxF0U3Y"
        }
    },
    {
        "model": "checkout.order",
        "pk": 3,
        "fields": {
            "order_number": "1F5BAE02CE514F45A50D86F6D78C0DDE",
            "user_profile": null,
            "full_name": "test",
            "email": "cixode1509@ikuromi.com",
            "phone_number": "123546789",
            "country": "AU",
            "postcode": "123456",
            "town_or_city": "test",
            "street_address1": "test",
            "street_address2": "test",
            "county": "test",
            "date": "2024-01-22T08:47:09.765Z",
            "delivery_cost": "0.00",
            "order_total": "799.00",
            "grand_total": "799.00",
            "original_bag": "{\"3\": 1}",
            "stripe_pid": "pi_3ObJ9NCJyAgrpdVr1fUxUxmT"
        }
    },
    {
        "model": "checkout.order",
        "pk": 4,
        "fields": {
            "order_number": "D11DEEC8B97543BB99E81BA5EEAE385F",
            "user_profile": null,
            "full_name": "aaa",
            "email": "kemeviw875@oprevolt.com",
            "phone_number": "1234567890",
            "country": "AT",
            "postcode": "R1J1NN",
            "town_or_city": "aaaaaaaaaaa",
            "street_address1": "aaaaaaaa",
            "street_address2": "aaaaaaaaa",
            "county": "aaaaaaaaa",
            "date": "2024-02-14T08:24:44.294Z",
            "delivery_cost": "0.00",
            "order_total": "799.00",
            "grand_total": "799.00",
            "original_bag": "{\"3\": 1}",
            "stripe_pid": "pi_3OjdlECJyAgrpdVr1N6xAsaP"
        }
    },
    {
        "model": "checkout.orderlineitem",
        "pk": 2,
        "fields": {
            "order": 2,
            "product": 2,
            "quantity": 1,
            "lineitem_total": "1199.99"
        }
    },
    {
        "model": "checkout.orderlineitem",
        "pk": 3,
        "fields": {
            "order": 3,
            "product": 3,
            "quantity": 1,
            "lineitem_total": "799.00"
        }
    },
    {
        "model": "checkout.orderlineitem",
        "pk": 4,
        "fields": {
            "order": 4,
            "product": 3,
            "quantity": 1,
            "lineitem_total": "799.00"
        }
    },
    {
        "model": "profiles.userprofile",
        "pk": 1,
        "fields": {
            "user": 1,
            "default_phone_number": "09123687407",
            "default_street_address1": null,
            "default_street_address2": null,
            "default_town_or_city": null,
            "default_county": null,
            "default_postcode": null,
            "default_country": "IR"
        }
    },
    {
        "model": "profiles.userprofile",
        "pk": 7,
        "fields": {
            "user": 7,
            "default_phone_number": null,
            "default_street_address1": null,
            "default_street_address2": null,
            "default_town_or_city": null,
            "default_county": null,
            "default_postcode": null,
            "default_country": null
        }
    }
]